{"boundType":[2,1,1,1],"pos":[[1.899999976158142,-1.7999999523162842,4.0],[-6.199999809265137,-3.4000000953674316,-14.600000381469727],[5.900000095367432,-2.9000000953674316,-0.5],[13.600000381469727,-1.899999976158142,7.800000190734863]],"scale":[[1.0,1.0,1.0],[34.599998474121094,0.6000000238418579,35.5],[1.0,1.2999999523162842,12.899999618530273],[5.900000095367432,0.6000000238418579,5.0]]}