{"boundType":[1,1,2],"pos":[[0.0,-2.700000047683716,0.0],[5.300000190734863,0.0,-1.100000023841858],[-1.0,-0.5,-0.4000000059604645]],"scale":[[30.299999237060547,0.20000000298023224,24.5],[6.099999904632568,0.6000000238418579,5.300000190734863],[0.5,0.5,0.5]]}