{"boundType":[1,1,2,2,2,2,2,2,2,2,2,2,1,1],"pos":[[0.20000000298023224,-2.5,0.0],[-6.199999809265137,-1.100000023841858,-1.600000023841858],[-0.4000000059604645,-0.8999999761581421,-0.30000001192092896],[0.0,4.199999809265137,0.0],[6.199999809265137,0.0,0.0],[3.0,0.0,0.0],[-0.4000000059604645,11.800000190734863,0.0],[0.0,-11.300000190734863,0.0],[0.0,-16.100000381469727,0.0],[-18.399999618530273,-3.299999952316284,0.0],[10.100000381469727,0.699999988079071,0.4000000059604645],[0.0,0.0,0.0],[-1.100000023841858,-0.699999988079071,0.0],[-8.199999809265137,1.0,0.0]],"scale":[[30.299999237060547,0.20000000298023224,24.5],[6.099999904632568,0.6000000238418579,5.300000190734863],[0.5,0.5,0.5],[1.0,1.0,1.0],[1.0,1.0,1.0],[1.0,1.0,1.0],[1.0,1.0,1.0],[1.0,1.0,1.0],[1.0,1.0,1.0],[1.0,1.0,1.0],[1.0,1.0,1.0],[1.0,1.0,1.0],[1.0,1.0,1.0],[4.0,1.0,1.0]]}